Subject,EEG Folder ID
NDARAB678VYW,1GcLyV8g1trSrA42rJf9X4u1Mtd4hY5Za
NDARAB683CYD,1RPyfewOVo0UZqhjcPpeHI6CbZvuf4qb3
NDARAC296UCB,1vw1InNsuIxPOs47rN7gPz4cxMkleLIxu
NDARAD459XJK,1BlpNaFB5a37F-wxbpL4Oquog4vlKogYK
NDARAG429CGW,1GIbcivKt3GG802dFXjR5O9i7ifn3gEAg
NDARAG788YV9,19Obx955ZMmIwQGgpmXfANgOabZWEKa8i
NDARAJ182PTB,1qoYMk7vO093Ck1mGJlsHcoe5Rsb77M-p
NDARAJ401AX3,1kznhyN7PfSguMMNeApH5OAIFZ-JGIL2C
NDARAJ674WJT,1ey5eLKWnv3XpvND1AbSfoB8XVMNRcfy-
NDARAK772VFJ,10sZlm9NEVdyldaEqyyd9OraMgotrPdgK
NDARAM177DKJ,1JRR2XtA-9p2_uhwJT4fQsn7Y5vCCbdtp
NDARAM946HJE,1Dg234olNEdEARn2UmhdIS1hk3ZNWMG19
NDARAN302EEM,19qMKzQi6_BRCjKd7jrWPl48Cex-aRzes
NDARAP283ZBW,10C2HksKkKItk5HCpg6q4dMyHOWGAXkH9
NDARAP748AWX,1vskMqcm4zgGGJ6qTbdLETAz6XrprhyxO
NDARAU517MC6,1dUePAk18kBD2w-GZIhEEyncNiSx_yjsz
NDARAW427GWK,1q3cioQ018T9ImZCniAva3hMcjpShAeli
NDARAW620GJ8,1NnglsH532DUeamUFZxbVUQ9SafoxWIqZ
NDARAY761BFH,1ERb9a0ukT7YnsmSL_57F4QeLR9Mz0zPD
NDARAY977BZT,1OmL9XLyW0Ws41Jd2_cttzvwy6Wc41cY_
NDARAZ532KK0,1vYcyP-BDWucDSi9O5OmLtN1zzZ1HKSv9
NDARBB542URX,1LF9RN5HzvqV-Z3rz84YWqt3vzOPX-e0m
NDARBE096YK6,1BfhW_Wqp3ue8yfpKI_G9wzrrtHEvr6kp
NDARBF402JLH,1eDAJtXZkITww9kgYARYzbAWLTSm-Qz9i
NDARBH275EXT,1aVMXEXvy125DBw931x1v-J4FxDpnH-sH
NDARBH482JK1,1WO8S3z33vSjJ2hrqWAn1MnC1QOY3sM66
NDARBH789CUP,1FTCAUm7Cp33uzqcz7ZMh9PJ448Hj124H
NDARBK194FF5,1fP41mmz-GWR790CMFryYcQrcQWxo9WTn
NDARBP713ZWA,1Qft61FD5SIA4S8KhR4_lmlT-WoV3gVkL
NDARBT780KVC,1elK7uhMjP767kIkPVJQsnllkZlKwOQtN
NDARBU777YCU,1EOugeIw10qhA-MPLZdV82krMZa_7ws50
NDARBW320UFW,1P-hLZxVGrOPdIgQO91l40snI2Fjk1rUn
NDARBX076DCX,1S5lgJGca-U7G7X8ZP8gu2D9XgkJPIjr-
NDARBX122RKF,1u9ICZUo0TUDMroY449umS_Yp59LMF78E
NDARBY041JPE,1MMqOAhOLzCwk0__fsqpaBbfkbudpTaFf
NDARBZ333VWR,1HEc5vssULFnmeCS5m1lEuJ252yTS_ynR
NDARBZ523GB7,1tuPrEzMN7UWdnduGHp8CbQGDJM4Bd9Xy
NDARCB282LUD,1MEuViOcsHGOBwd3-SFjaZ_PdrZAkq716
NDARCC491MHH,1nY0cWLoTr1WrBfmsLfwtk_blsufsHb8h
NDARCD928TA7,1fPQAr22bW2zQyyoGbLjamJsD7m3IE8Mm
NDARCE912ZXW,1F354_LHSvrxQ4RDnpTtHJqWlGTZhHXmC
NDARCF674WB0,1IhO1A3cT8-JsVj93LFHvNdwaA0WQo8b1
NDARCG099GTV,1-RZD01dXb0kI6pnl1AIhsj51c4Smi-9n
NDARCH755TLW,1OZsXRvF25auZTp9sPwbwpyI3Dnhhiy2g
NDARCL201KJZ,15yY2gGmHgR7GN1km_WNUbeWcT9qpeAMO
NDARCL601WXZ,1XWOQfUvoWiiJzrwdNigpCW8e8b-Msct9
NDARCM214WFE,1yJMGm3dmboVU8BXAXR5yEr0ckwIiJ6TL
NDARCM638LMA,1HD1kdYcmOodWv6lzKqvKawxhFyf69YQe
NDARCM707DHW,1EUZ8Ic1PPbzrQkQ9SQnL-QOH371-iBlL
NDARCP648PW0,1iYy_sf2mOhOj7m0azY_tDDcfGKLdzMN3
NDARCV634GZH,1oaZ6qtKzYxTEBcrm6PulXQyVTF_3-UPp
NDARCX934FX0,1bDdeg2IT88HT0bn8apyBwWRaG1QXe5YB
NDARCZ465CMY,1wHbydg-zQBEs8caCpl1y5jT9LlQLn21C
NDARDC504KWE,1_9ZBvl-UWs49B6C0WpT3z_thgRhlPLak
NDARDE769PHW,14hFponNj7yC04ErTbUjVPW6f8JViLeBP
NDARDE969RCC,1mostXRGq7nW4oXOW55Pazhyqe2aU8yg_
NDARDF362AWA,1XPhVO8AnURhYK9o53dDvPk3kiII3_xl6
NDARDH753GUF,15_sFqLyMxxxVPk4KXAWZOCe-BWz02UcS
NDARDH871DWE,1ypmuC8oEfnO5p0MgVvlaq8JNmyC6wyqN
NDARDJ872BYV,1vVZetXhZvCrUx1dKDotu8-I85X-YbQXL
NDARDL033XRG,1w4uwBY0RU8v5cL8Z1L84j5Cy2SDZIzqs
NDARDL471LWJ,1GYErBg2hZ4NDTS7D1AtxUEOc5aBGmQ5N
NDARDP619NZB,1ZOjJ6hBbbcjf3vUxUwd_I4WzqfEUY8O4
NDARDT889RT9,10ewCAc8366UkMdcWb-a2CB_-UjtP2EfJ
NDARDU500JTQ,1ax5D-n1iqXeQ9T6EgozDZhjvvCr5tJ4t
NDARDV550JB2,1SnyuVGRn8tkoy3hBWZCUcB0RnYa5jT3k
NDARDW147PAZ,1elKCiOFlVWp2e6IhdozcA8RswkTZ8FM4
NDARDW550GU6,1kSkpEFaYj7KpmbIFHpPzCbO82I1pBcQK
NDARDW582ZX8,1l1oKPwFJonylvhhNm1rkcH135t-K4zbo
NDARDW783JM1,1Cl8wPahQx2OuO_u6yspLBYAxCg4E3l51
NDARDW969AW5,17Y2ZDZJRrapZvRluNB_VHo17slRHKMdW
NDARDX544FJ0,1a53omaR45A15dizyLdXizKoH5GJyAueI
NDARDY312BR2,1J5-3WgaSxaiJR5TE6PL8oldLJ1zTDCoH
NDARDY883WN6,14vwCHQh3NJbs64xRTlP90UB8fyQ6paN4
NDARDZ664GYT,1GMnCGixY9YvL3cKe5DK1Jukl7NqNH849
NDARDZ794ZVP,1coRNYMaJKMVKSVK8htG7jbbPitl5DjBS
NDAREA724CZR,14i0vLGApqhRsoe6EwjSCeHZuh-Gnr-k6
NDAREF517UWZ,1A_8YT5bqvJPbfFdoBFGNf7qHWF1Yrkao
NDAREG807ETG,1TtSJjEW2PnRO7xQSdB5X7a5h2RlUHyT3
NDAREG872WYW,1bdc1X4Qu_GMxqmjZIrAMy_DCiKDKckgx
NDAREL650MWJ,1urtITCweVk2o21QHpHiIgIpzHn-DL0pw
NDAREN483AA8,1GVjPmzav1_bEhrSfzygrIAUHnfF1uA0p
NDAREP458FBK,1oo4pi2ztLrRxily1ly8myUzlb9NM0Cq1
NDAREP587HDK,1tRkYMfoAqFhOeFztN1DhSYy-99neqLqQ
NDARER136KZ5,17JPg_vJrZh7it3a0kaNOV2Z3c6D3cHal
NDAREV376NRN,1A_vwVrMBXtQEYfD6lX97VUxwsdeWcfR-
NDAREV593YN4,1-txauXQU0ufxiF7qO6lBSeim14piKn-_
NDAREV869CPW,1TlISDYu6xL4UrWmrqXPswf-YxhigFlwn
NDAREZ752EV5,1Q5KzitsAPFRNJLktFZ93rnduTnXZ37Od
NDARFA239AFD,16-159__56WLhw492pVYRMpLOdzxREdRI
NDARFF757TUX,1EkHj6TRvuf7WpYEXH8jeXygV75VUCdSl
NDARFJ087KP2,1o1xNF2tHVYQMdwZql1gKJrpcqvu-FIa3
NDARFJ366DT8,186pQnQ9B5GA_dYjjsaZOj_qD8GonxRTE
NDARFL595DNJ,1dU8H2R96m4iIiVPm-4HcteUGNl0frDxX
NDARFM006EM0,1bREaPv_G09wO3aZDgVA2v3HHub3K53EI
NDARFN221WW5,13bsPjlYKcN4O2vazKgOOwU79rqHvl6LM
NDARFR630AAD,1ZzARwl8sgZSCNjYb-LVaruzZW6R2x61B
NDARFV289RKB,1J7uW0-Cp97_sivAsghI09fsfdvUQSwpp
NDARFV894LUN,1qSen38Aj76yKL1M_kILZ5tEyVMLBVZKY
NDARFX020XPM,1gVf5ASqidbyre5ewbZhrbMG8eLaE8wch
NDARFX158KKM,1wLLgKa64ip8N4H0ir-rvAsrtJmtTSfjh
NDARFY623ZTE,1mAEBkBVczTcHlRWmhSIQz4hfP1CxqPyy
NDARFZ143BUQ,19KUsS8R8ZK4g1aRDWsWMYCvBoXeFz6lh
NDARGA589KWK,1PmalNkQS71E7CBHr90GD8PJcAY12biD3
NDARGA890MKA,1pioicpkgNGnUhFykSDDMxRaTDEKMqJCY
NDARGG547JN2,1IvTsMbAaf_d10jYcnVAVaQLL9IBkpCcZ
NDARGJ317VC9,1b90uB09Xsz_fgdrMbEszlG30IFEqB943
NDARGM642AJL,1FbomSP-QGjGTy0oSPUbNbSWATgX0l6JC
NDARGM987YB1,1WcvUkkl6_Cbrf2Z3ndBi_DAgPxsRrAsE
NDARGN460JU2,1FVj6u5Bf5jEC5JNBZnWlArbrjYEkzyZU
NDARGN483WFH,1EPAEFuvY5gBzCoh6D93OMozPCAhOyKaa
NDARGN680XJC,1MYq7f-r2JH2FhRXkDObMalQEzqwAQ07M
NDARGR199PM2,1AK46laTbKgNCEF-YHxLkqk_j_7Kt4dAV
NDARGT623ZBY,1cIJEA5IHtv5cybcut_cuPYigI73RAvd9
NDARGX966WLG,1Q6jREzax-Al6uMeD1BHDyklFXbBSWg9n
NDARGY653XW3,1V5DD-FuDt66eBKvx2gr0eh0faQDOsDZq
NDARGZ301KFG,1VZDMdM68wBaErIzdzegGzhPLorcR-f0E
NDARGZ888HJN,144rBnPG1PVaYboE6dnUBmuoBJhovHOJU
NDARHA652HR1,1l4Yon4AeFNYxt0qiQxiiP6k6yd61ka3x
NDARHB382AP9,1CTXIi80ga-3UNGA25c-54lxCX5-4BtWd
NDARHB988MYK,1gE9Hzr7AYWk7UpIsdw59K56wk2wFxYan
NDARHD051DYF,1Gt-IakRNNn9hrT5zSidrtwjQZ5H7-y4k
NDARHF039WDC,1GWvFBuYXtsFbH9xvfdSj3Q9HNBHYSvLp
NDARHG445GAA,1_eBqaOtra02QDibfcjzIeYu-2Ebd52HZ
NDARHH831HHG,1PTbxv5C0wPodmTYkcpL-eBNslFfaXHHO
NDARHJ489GCD,14LvyfJRI0X7nFwh3-EUIMhrN-un0DFPW
NDARHK956CJJ,1ZWD7QEgxuhc8U7qGfX0bVX4BrOyhFOyM
NDARHK987WDZ,1Kxd0BbwV0xX6ZWTW9ZkcEPNj34SlqLY_
NDARHN206XY3,12LsCRi22cC-U8qPHfpkh7qF5QWXbeBGe
NDARHP344PRU,1qkGAA2p7oAuKQz1hxhraheWjUIrKQxQE
NDARHP518FUR,19PfPRyYiRHnfjvGDoxUNkCKuJIRqfoBS
NDARHR789EVF,1ruCGVgyBYFvYBx8uDdW9qGRNaVkL4R7Y
NDARHT174HGE,1xJXCQaHK9JQp5V8_MrlQnDao9xv-RY2a
NDARHT417AYP,16YiDNz6DpZXtBAAnuiiAINNQydE1n4ai
NDARHT518WEM,1-2tT29gzzQ37CiAY8kdImUuHv_UpWd1W
NDARHV586FC7,1SffnFGf7TMP299BYzk7iKGesjcjIVNJG
NDARHX716RBV,16S5KgMAvzO0h5w-Vo2pJckXC6qu_LYBH
NDARHX754KYY,1E9bHPjuIp8tdLpklzLtNna96E0ucS0-n
NDARHX844UZE,1Yic7LoNrAaLUXTRIDGmepOV5-G5TxHvj
NDARHY346GY2,1FKKyVvVIMiHEh0dfgn468nF8EBf3ohN3
NDARHY787LAL,1eFjQAj_-BRxFUt1zdqSCyU3m8cj7-L4V
NDARHY950URX,1DmFDyYJcRbHdPkKbhD_R15EqUCiJH1ov
NDARHZ614VNM,1qP5apucBygyaN6gVhiTlOLNS0IGfsQ-x
NDARJB586KG6,1y-cR9wodFFDucwGjS3tEw2cnz13dwlNA
NDARJC294YNX,1ASRD8PpR9b0ryblg-LjAQL3ejJoi4j3U
NDARJE254CVV,1tkZpeXUbL_BJskI4USM4JYNvWJL5wR2H
NDARJF156KMU,1G-f892dUoG-DN-8p95FKvmD532zpWkqF
NDARJF479TBL,1_zsBQweARtGxKBRTaapub_cWwjCy0JXC
NDARJJ856NTT,1ndeocQUmtqmc2uLceR5I_DRzUM6TQ28h
NDARJK431RXK,1FEJ23kCxR9rsdECcA7AOWeR8qWvi-7kg
NDARJL016LRL,1x3Oyxaa1kn6LxDjuz1W-NvalXvGqNKhr
NDARJL292RYV,10-sja3nBenMraOjvBUKfMoLIkpWcAthG
NDARJM013VR4,1dg72Zmwj-zR0htbMOrVUyvFsjt2L_tdk
NDARJM388RU1,1KGrEsvkN5InVg3Efqm12u6TUYCgfKCHZ
NDARJU530TZN,1B63E-0OMiZz3UrTH6UKtzkVS6MZHYyn0
NDARJV512CXQ,14ytFRLdN6ZHJgn2ARwDvlcZqtTjKsxfx
NDARJY512JMG,1p7BdW3e36RJzdLA4gXVTcqM_r7CMX5mv
NDARKA100EJM,11VqR7wE67-Il2ubaWx5MvmEVLUNyrNYC
NDARKA170RFD,1aFF_oBpnC9oXdU-amoi7LUVX6TKGd57L
NDARKB878YNG,1O7JMyrBat0Ls-MzGJPRTagULudM0C3uA
NDARKD245CN0,1pCPgH25JA0I6ri2Yb619yUohO4rdemMc
NDARKF767BNC,1T2ymuSMeBnaTxVusyqJeExQ6llj0aPMm
NDARKG016KD1,1QJypBCfR1IFuUXRYuR4CcGeFeATDGS39
NDARKG951TXD,1fbV_unr3urMDj6fTqnHqCN3KAX8V1cO6
NDARKH264PPJ,1LPUUPS6CnbZZ5RY3eq0mLJsB5PFhGHAw
NDARKH524VRA,1AgF3UoqeCtLnKX5uV-FPlzLt27xjTdFe
NDARKH835PRL,12BnyQDEKhXxqtDWHah41twOqbD0w5cOp
NDARKK117YX5,1PnO-Ozk7ypdm-yxB6zllmglb_iqCo7ie
NDARKK633KD2,147T2W7iedZyD6HohuXVidt0307pfXo1P
NDARKL610DH7,1VFrrOLQh5IsuF7y16RJu5-ytSkwKGkCy
NDARKL718YE8,1vQYLjAGn335rhAYKGtXCwL2AWWSz8tlj
NDARKL778XGD,113ShM6CWQy_C-6FwFJ9i7nDFCOhIX4i3
NDARKM199DXW,1YTN6am-tM9Ucbj4brq4Mo8TEbAaDU1Sp
NDARKP823HEM,17feZdeobNGzGdHOGuuWuYKNGaJ6DKfe5
NDARKP870NB3,1-dqJ7cb7HySB9knEnK9YycnFnCGSMsXT
NDARKU213TUX,1VTVGLa4jEaiutiQx0pSsnzRcbeOvJhSN
NDARKV309YFH,1Cfv5GnBD6TuTtbYmkM_P-0B6Z9mjR_35
NDARKW236TN7,1mBKxqZ_ip6bDUWxdxg9bEGqJImQZvTz_
NDARKW511VE6,1oDrHvr4Lm5mvdHUFyY_LIbt5X-ZtbyLA
NDARKX917KPK,1eSU7xmfwKGfy74k_fdY4dmIMCb2ZZBns
NDARKZ851YAQ,1XzuKiMZ2YNcDO-_mKV8wyk9aJ6_4zuiW
NDARLB026GCN,130XpwyCINa_wd2u8SPkG2B0Y_l3aRFUM
NDARLD243KRE,1udwD-i2wmVLajX6FSS4SoMSIndRLw65R
NDARLE425YXG,1WpXgk2yKdVpWYx9NzqPFuWS__QpsJqFX
NDARLJ228ZF8,1pQ8fGIEGFX9vVQkUV42xAph-x5LLofCb
NDARLJ728KPP,1rsdi2CJy3MRlfoe96X27CHS6LhqLGxPp
NDARLK158UN6,1Qk1NVH6GovikG8aK40L0RqJgms4sVUVY
NDARLK307PN3,1ZpQT0_Hv8B_RiPbNnjOT143SRn3VVulh
NDARLM981MEN,1mCwnyi2bYP7TbmXuiTUswRpCjB9lM6he
NDARLN739JVC,1fFMnFAlw8IBJT_zLF46W2Z-T7upv2HKa
NDARLP413TUX,1AqJqSEooifGmu4qoU0tixDVNXzN6q5jO
NDARLU274CC7,1eVrmRFqeobhk1mOZDScZYujGdE8kzgvd
NDARLV090WM9,1_FaothFRItolyy9rvRcgUwh74juT_-Pe
NDARLW708LJR,1UaU9cIpWE6wnqmJW0YOv3LX2J2qNhF3r
NDARLZ995KLB,1d6q_KD3wr9N3nSdtW0L3Z3HgRUnJVHGn
NDARMA057ZH7,1jzmSCvI4NIGskN1sWtAY8tKf2LrpC1N1
NDARMA657LLB,12bDWvm3tP4Chsm6dC2_33iW2BYztCsM2
NDARMB848AH7,18wSPZsVtgL_6WLGBgOr2h7YAnZO7_5rM
NDARMC371DK5,1IjS0nG_PmuUCIaNjkO8cV6np38H9fZkV
NDARMC688WLU,1LSxHAj2i3IUzr_4adX61VfnrD_xSCx0V
NDARME258JN0,1CpSJuWnR2ePRtvtXFg0vHxO4X5MwoeSf
NDARMF703BP3,1FmFvbyWL2Z8PElQeP4vsyGG2wlvPeRmb
NDARMH095VH7,1V9RVAnfGDYreFD69M30zh4SKPoGh_Vfz
NDARMH305FWL,1gUhqHISvCaKm_SqLIxgoEkhxj_y-Nfcu
NDARMJ720XR5,1RrW5QToaGVypmahfZBfp58kODdQEmATz
NDARMK299CN4,1kbrhHzrlFD6LNFZRoThTogzY97KTLD6Z
NDARMT682FGA,1RyRV_OMu8JZ0zjNxRB49FC8S8pwNbbh-
NDARMU443RHZ,1gAMyx8r0NxLbxc_I17Zc6k-pIx1f5C1J
NDARMU967FL9,110HVlb89z5G8hV7dtlnaSL1UwIgXccC6
NDARMV674TJY,1WMDSx3u3iLCvXmq4wAgdgDf8CkyjAK0g
NDARMX196KKY,1tL7tjHtNWxLR2Qnz5FutUZP8SsXfKjYv
NDARMY687DJ9,1PBHPCmKHrMILIDxbocOpdrpNumwsC2JW
NDARMZ162JV7,1QABkiQ2PE7okGoq5XZqVHOUyBN0dutDD
NDARNA607WEF,1XtkKqXh5DxnWOX9WAPfqhlrOV5q1vXmP
NDARNA984ZXT,1JJDNtGOivnFx7TaY35kTN5V764XoSlwX
NDARNB130EX2,1eOCWmR3OdRypsGQgaWSOw3OBwWnqpB3S
NDARNB401DN9,1iCAZlRzGAKzKSPI6GoxUiBBH9zr9mIyE
NDARNB818FWK,1bWPyFPcVsuWQ14sgDLGjA80bc7dJRcEx
NDARND445LCA,1ofqAUMbczs7ynVL4UIwaXJkppE9R8FIm
NDARNF439YDW,1EdJ2Q4kPtcAYNXEX41S7GU0UD6h_YOU6
NDARNJ987CYD,17n0ToIPflmwunnSvB4DuXAYQndL0N_Ao
NDARNK156GLD,1pWwOJdF4W2j_kdoZtr9WeRAyshGVjO1g
NDARNK679NNV,1qg8VA8l_aDnjRng90SwWKDA-KNQTVAz8
NDARNL469LJH,1rkKiOc2D0lId4VedwQlzwftZP5tgL8Eh
NDARNL547DDH,1wLbU-PyNBpUiJP_oLVOyD3Q1CvT9XmIg
NDARNL971TL5,1Qshbtu-tO2stbU-ulGdy7iYnQUMlfeAN
NDARNM384EEW,1u2AQjW3PzJ1xGX6a3CbQJrhoVJKfsvT2
NDARNN321YCR,1GRyE606lxuw3v0YmJLwWDaREpk0diCRM
NDARNP381RZ4,1wgCwDSAAoSOP-gtQOgU2F9dnVOn85yDO
NDARNV187AMZ,13XMNlbk59AuuGIJ6rz-z69IAm83JXbSs
NDARNX583ELQ,1msRz1hZdAuJKSOVsXDFagfbSldYvjk-C
NDARNY393MAC,13pHjikTbubcM2OO3rDTCkgy6qMLSBW9s
NDARNY402DTE,1aQQlu9ABbHiBDrmyGzp-DSXGfUYrblm1
NDARNZ867KTD,1zG1aA_nx1TlRLmWp71sLDaTTppHrnlAG
NDARPA414ARE,15eMK8iXYgKfE0dQTIuC2S8T_MafN0jxt
NDARPB578JMT,1uqhbovnHnMEbuRzYv41AkO95TPCYmOxe
NDARPB957JXE,1UQj-ENDmSoES5iTXzCqgmc5DYFaZOQV_
NDARPD312YAK,1YqmW19fplRPOiy3XWTV3gYlujgFM31G9
NDARPF325KE2,1Yxl_D8RPxN-io8qy1ckPkwN8BgECCxb4
NDARPF460UXT,1JEnbgKifLeBhpjiZWbHs8GzhldFNZBIz
NDARPG387YY2,1YEuHW1skk0FXGVfX6I47CSUOnK6LLLTE
NDARPG793CYM,1qQat9tZFUXojbHw0OP_7mhqypEDV1oPd
NDARPH340DKQ,1c69jMYXoBM2_GkdL_3uBKY6Og21XdAQd
NDARPJ395JDY,1p1NYeYZYd2X7PnedNsL7WutyDMIFV37Z
NDARPL108LAV,1ocbWvWz1mUL2ts9isxhWjJFw4o5HRo9u
NDARPL263BJZ,16-TNNjYGXDkYqT7QE84ka3jd2czPXIGS
NDARPL892JZ1,1CSXXHMgcRoCpnsdgdOqLuhCTGWPTWVqD
NDARPP238VMX,1NytePz4RcxfEvHg34eyqK7FU5oDaSCdK
NDARPP355ZEU,1qds89yI1XQ7FtQ8lK5s9y_sAefJBZ17l
NDARPP650LRM,1zgPLa0dwUWWu3ccpr60oIKXMYh-RpceT
NDARPP694XU9,1VBhcgcbVBJRq2j3QebScJUAE_u8H-DkH
NDARPV915ZPE,1AAUaQ3Z3e8kHaUYr7FoWhyF7CW-YfeXK
NDARPX098XYT,1nPqlZL2qDOkuT0WOXGlJoiXCw6xS76o1
NDARPX471KCZ,1GtVXeRQKxZGQ-WjTMzxnoBYY67sXSG3f
NDARPX980MUN,1CGFbk_TvR1zocamEhntFLdxTlk_B3PxQ
NDARPY645HY6,1xjadM8XQ3BKz8yEBWOUV-DhbYGi6kEjO
NDARPZ078XCK,1MtFzxz5adbhjhnnEFQQpvMF-JZH1n9KY
NDARPZ327PDV,18Pz_6g4FUYJ_UJxbQLUluITtnKB74agb
NDARPZ754PMY,1fyaoq17-Bk35rPkr5ozqLUQWuHlwbesl
NDARRA523JDG,1UTFT33Q5ER_-DA1PwGn7y4cmWO0KkC8A
NDARRA725NE3,1lYJzwlh5SORLQCuOVw09OtPltcFepf4t
NDARRB185PA0,1M3rV5t5hhARluV9ZKrigco-I-Xibvwkd
NDARRB889VDF,1F_KBIkBh_qVlrkHHRh2dLwN56F3tq_Li
NDARRC175AK7,1fd29HZjJ9ClqYp_PdaymT0pBGG0Yy9S6
NDARRE437JGP,1E4bNeN1u1fc-yYIkbYtviG-qYLc7j5av
NDARRE588NRM,1iUKfIzKtLasnUKUhE_nfnCadMuZRTuPP
NDARRF073YV1,12EDoMbLoQF9rQfsDM0hnXJFt5As1j-UU
NDARRF788HDD,1o4ZSeBT3z0-E7L7-f9n7sRKgKkWwJrHv
NDARRG583CP3,1IpFNt933SVqUH8ZjKG_dWj1Bnr1sWQfM
NDARRH574YPF,1T929HWnEd0etiujk_nUes7KUS9neOFBE
NDARRH694YCJ,1QGlxY2oy3gViH_YguD7jOXSi6NVXz6K_
NDARRJ662KVH,1TXA-EZf4ngh0f0BrLdObG8VfK3feXqyd
NDARRJ800YGA,1mJ-ObRpfcE_Zhp93GGJ7Hqw4sd4qJvtH
NDARRK146XCZ,18lwYhs1HWInWL_3G9nshrZMu2sdqPaYh
NDARRK528GFZ,1DuK7KQ9WXK6r0SQl4g18JCRnFV6LlXlR
NDARRK694GD5,1XLhGrUE4zO0wJGu4CQQuz7NyvO8yl5kS
NDARRL467BA1,1C8U2SZGSQa0hyCamDoGMkMEDO3ENBJS1
NDARRM475LGX,15VXLkAgvJa3_wDYmuvIEHZ38b8KZdO0U
NDARRM741RJ0,1lcn8kHFpMqoGSc-ZUQr4xBI0r3Cp7-xx
NDARRP317WAP,1152VavZ1aZ4Lja10ynxP0zOKNFL4TcBD
NDARRP961CC7,1SCXCXKU9508MldtQYsvJyg79tOEcvumH
NDARRR214VXP,1mPAVdHwxHr6L9ObG8M13XEqIqQS3-sCK
NDARRU560UUG,1z3v-k1loxNVkqTzKXm-Ltcsy3oJHiCLL
NDARRU865YHE,1LnKvtUI2XbmMWHJ35Q9a65gKRbpVqqPp
NDARRV843HGK,1jwtjh-amUf8dt6nIM8paK7WIAE_ivQML
NDARRW259YBX,1CQzlNHwl3M7gbIIfTVnWkmh0QRNRAEIG
NDARRW356KV1,1OJTfmR_dQawzADdZ7jQXd8T-GA8X-7_S
NDARRX900GP4,19mU5nJALfQNgoBVsYfvA8agKgqy0wf1w
NDARRY803NR6,1vI5Gbk3gnB_oRc3KlKVKifMCHsJHLYPz
NDARTA364TAU,120e5KhO6otSqMo6ZKzoujLztRp-scasc
NDARTB266RP5,1txE5dCYYQ5lCKPSgMDq1kUdlduhJ5hIp
NDARTC071WDB,1PNYYmR7FuIdZCMlFpRjCwpjQmbpBJRbD
NDARTD443ZUB,1CgbPKhZ_sz6ZXifRo7o8CnAiyzbUILul
NDARTD794NKQ,1WKwytnxEuPuIMCxIo1805Dpx4u_XJcXL
NDARTE237JP0,1SKtdcXkiG9eJge0t04le2Ri_G7k4cdij
NDARTG029XTK,17QlkA8GYF60_0VEHZ2nr_jVphm3mHpZp
NDARTG788FPK,12K_Z-VC2Y1kTI-HSkIe7Gvc4P4sKdjva
NDARTG982TV1,1xd6Q0W4YaG5AdHFEEyZ_lqI0QVd3A614
NDARTH506TRG,1zdy5F9hleUMeIbieye5Zt-ORJHEUdCPM
NDARTJ540AT4,1LU397spExXhZ5ssrlIrrDXE2AI8QOfZF
NDARTJ963NC8,1_tRoCnxRg1-O1_o9j6Tua9VwvBxX4APM
NDARTK720LER,1L_6lBVXM_SuppV_2M0uL2avYDMgdwU7v
NDARTL107DMD,1oIpZE6RSn7KeT-sP22rlzuoYVqzTcLUq
NDARTL525VL2,1Qg5wHkHLi52ECDRKM_mlR0nT5xcc9QxF
NDARTL576AWG,1j2_bbPsd_WkIx9r6S2noP47OR6JCMD1P
NDARTL995AN9,1gBznw6VCMixi7z-MZDBWtD31J1XT4u7g
NDARTM499DC9,1PkrkO3ICg_z0S3pvgHXaQ4FWBeduGBBc
NDARTN452ZWE,1rIWTq4TSN3jivknIjE7JfyQT1UVSNgqy
NDARTV701GLL,1r3ummjPgChAdspyrnu6dXUejYu-7Gaq1
NDARTV785XCD,11CSS1xcB3hCbFjyO0gtO3DGxZFDm6eau
NDARTX577GJK,1vRFOtq90zoNGpEh_aVTaYS58gXUo34CK
NDARTX911FB0,1d4obfbgOi8yBrjETQiAsKFgh2O1MQnp7
NDARTZ571MJQ,1y3kkIdFq_jVSTsBj11ENyf8JYX0ZWzqa
NDARUA035YJN,16z7buILtd4xK3T4GdmBDZXsFCRx9naeS
NDARUA442ZVF,1SEV3sKWYen6LU9cZeyWeqqTmKa-1Z_4c
NDARUB069LMP,1RqlQWOxdU10ywYVZK9SI2v3EKid3KRQF
NDARUC804LKP,18-2os8lf_0jcaCIqXUR3LThsy2t-96ca
NDARUD345RW8,1E4CW6N73A5MhEAxLlAs_SHRmPV-kH4c-
NDARUE991BE0,1I0FLwVNZ-B8yPzWgnrpWF6YYGoWOw2jV
NDARUG126FUY,1P7ozhKUBoxZZKErVeJhCRZ9VjJ3_zV_y
NDARUG267WAH,1Yi0ybYdxfokMVMIQCOAWXdURarZnEJDq
NDARUH340WL5,1ezI1LypghjkJOJ5JO4MnYT302NeOuGfE
NDARUL432VTH,1IAQM3rd6mI-WF8rQLcn-1gNrkqeNf3oR
NDARUR202RX7,1cF-PlOF0eSB9O7wzY9k7rzMZplM8S8Vi
NDARUR298LVX,1RmYC1ssnlQES3hFVUKvAB232W9luWjvq
NDARUR627UZG,1S3-bcpNHGhWCtOrtKW_dQ61vdm9pI1z2
NDARUR924XNN,1iw7WZ1BcspGZe2o7_XfbgCR-qhxT5bGL
NDARUX070CWZ,1Z4cWfObXB52EKUQyVla5QWC1fi1QHlFn
NDARUX098MT5,10DgpCkBEodUnAbRLqcuW1phNiR86aYaQ
NDARUX422KT3,1mP7awbqBMnZzUF-rEnfQYGgJ7XmT9T1i
NDARUX442HJ8,1jN9lLy5rb669isPUvj939zD3rIsclspD
NDARUX616RC1,1Fuqphpxa6ohZzZybgGpuhwjRoUYbLMSZ
NDARUY720JW1,1Co9sd05irLW_hQkMHzFr30IcpM45px7W
NDARUZ221YL6,1w7cF-m-d3-HxgUMFrv_ApJ_3X_Lecrgm
NDARVA281NVV,1p7sCGG559OKrn_D0ztBgrCSStRscAdy5
NDARVA602LMV,1Nky-2e3WMY8_7PB99GxHJeHVV-Clgu5W
NDARVB091TPK,1XcjWWdkwbPjBGw9kRzDy6R3fGj5oGPek
NDARVB261JUT,1-LlYoenhzNQZGwlcK4mzUNX_JNxxBOdn
NDARVB972ZKQ,1zuIfYWXJZrS57g4S2nseGgGqX2ROdo4U
NDARVC311BV9,1aPtFpglzDsgWLpPbyx2NkC388Pi5AH0I
NDARVC997CME,1NiVaMIh1-LTKN4gJwsvNwVkPxlpnmrvh
NDARVD437JV0,1ovXToaMTOixqYCpyKiGC0jTJ3tccOgDt
NDARVD609JNZ,1xSDdG2wYLflHJcZkMpz01Of8-iR3fcpW
NDARVD748TR8,1MmFtEWDS0HMJfFL4MxlmufJK-CUthMJN
NDARVG587ALU,1a2xj4_UyZtrMCiUWQWcyrPRYPPzdP-Oy
NDARVJ827RGV,1N_r7YFDsh8zhiLPjOA5TO5MRlzxvwL5w
NDARVK467GCK,16zUNZLNdKgYT7ZSNfDrO-nD7VGa91A30
NDARVM326HYM,1IYDnbZ2EVj97sFlb_8Jd1b4dFr_MOHPi
NDARVM414ZWU,1dIpm7beacgATkdouhgnkGlJq8KOxVuOT
NDARVN232MNL,1xzV-e7Swyz_VOFlduqs1DTA8GOi4ZqaN
NDARVV095BWU,1egZscgAWKg-NtCaypFxDv8dZQiRWyeu1
NDARWA911LDR,1t5v9IWrxta2_M-XiB5D7uaeiOE743GcY
NDARWB327GL4,1aRAGC8sNN5wGt1FSZIJH2ZX6I0bKpurT
NDARWB591KLW,1AhVSJjY8JoFAkhnFb64G5wb1KWuxlkgm
NDARWC819TRH,1hlkFqph7_kTXY6HcwZV17d8oPoyGagSG
NDARWC905XUG,1OG9tdeDIFRG2iHs8GBjTXgwYvohiKTXA
NDARWE229HBY,1I9_HSePiBGb0FHDQwi7A1Cg5ojTbNdZZ
NDARWF697JCF,1jViFRcMMcAujFvZiYsYNy1I7Y15ve7iy
NDARWG174EZD,162B_FAFDM6qtWZSvm02hygEfS3DwmJ7K
NDARWH019XM7,1UAgHmXfY1EaI58vLCDK3FNkGG5s73NAH
NDARWJ364YVY,1eTChrJ1xjQI_3ffRAmHc2W_EvAP9klHi
NDARWK625CUV,11FHdVNqLI2QS6bYw6Y6iX2tASOpn7_FZ
NDARWM162ZD0,1prAyQJiAqAVd3ByStmvrIZIZBumg545K
NDARWM560DXH,1ZwKKrV1IUuK79_ly36oz1sWQVEkGdyRi
NDARWN020NRD,1HIQu2G053USPQPlr044gklNxnem-m1jD
NDARWN682PGV,1Ii_NHLVdUgIYDXrLnTmQkzTGrefPXu6O
NDARWT403LP6,17w7gV8Ha1Vsalqe0E3tfYjvqaELMn5D8
NDARWT989KPJ,1PDDY7ROrFbUanIPlhcmIVXo_jCib3L6p
NDARWU079DJZ,1obmSm7L4RJv9Yeo49IDqH_wcudPpQd83
NDARWV403LV8,1koJ-hjQ7qk77CqLib4Wpb_WqWE5aGrt2
NDARWV731NCC,1uaHncim_BgtprE3HIhOVvhx0g56AXpzV
NDARWY995ZKT,1tB50iHhTfGPWja2pa02YFx949j250SMt
NDARXA192VKQ,1PR073Y8SDtEZHlsFwf_JObC3YYzrkK7i
NDARXA198GA0,13quW68x-8H4fLfSNYo4l64uQAOq4vKz4
NDARXB193BMY,1AkAw2h4Rwstq7BCNpG4P-AmTs0HcGHAv
NDARXC600AW1,1IxcucwknVofroR3vlkjJ6V9px1CMTpO7
NDARXC921EL3,19jg8MnExIjWMfPyCtnhz9Yk72fBUcFt0
NDARXD774BJ8,1bY0_7IB_jeLZ94YmEVLt0u6fiY2YcLhW
NDARXE058PZF,1A3mmCxm-FPY7dYGv5V6q_SHCG9gr-vf6
NDARXJ349THV,12NeCpc-CvBZmqMLxSCPrlGXfDdipTdUu
NDARXL053AW6,1Iw6uvn87cnByycdHcFICmdP5KiY9ZrOt
NDARXL491XWE,1zcBkeRPv9YxHQO0krAPAu-tAXukw8dEF
NDARXL892MM0,1hnCkudldNDE0ryEOLIUemeDb-nQksQ52
NDARXP456PGL,1-209_0OovW_NS9rpqtP4BwPbl6fQs3pn
NDARXR865BVX,1JQfb0isb9zi2HrZlykAAN7e7YyLsu0s5
NDARXT081TEU,1yOfDKCStkdc-O21BluPqR6wmJL3-NoMs
NDARXT641NBY,1baXhgQ2IHjqs5nYGqAfHAq6B3I59tvki
NDARXW796CFF,1jH1qnARk_AnF9qmV_Ppkp6R4xrJAAxlt
NDARXY241DWE,1BKmTBu0WYl6ZHgxnJ8S4WFhVtv38OZP-
NDARXY277ND0,1Bi7xH9cqJTdBb1FUpaJO8Ua0II0pl4Bq
NDARXZ140GZH,1OOlif96knUliVVlYwO2QhRBOxBclph6K
NDARXZ702GYD,1fdK6BMCjYi99vf-Z8yPWCe_-DOmEb-Xr
NDARXZ741VH0,1Y5yrPm4d9NKjpn1q9u9T6YF80PHMgj7U
NDARYA192ALZ,17PXKXh83Dkl_UcAHoSyl_1DRof7BMTYj
NDARYA857NDW,1fuQQ7OG_OgiUAU_P7cNenzYblEhQRgEb
NDARYB483HY0,1Epar_2x-iu_MT_LqDMn7wIx-sTi7V4l3
NDARYC105BU2,1E9AopWkRPlAgxDwnW2LXESntIgRDJ_PR
NDARYD562PXW,1VAy0-So0C8V2PoTAhNh-WJ4E8ENYq_OA
NDARYD717TM7,1ByXvWy1IzPWSczD1dtk3qN9HmBkiCI07
NDARYH224RXX,1kktxk0q0ubQgYjUvdL8qvuQCVQEYQAbT
NDARYH501UH3,1FFkNFoBpBzpPwD66Sx7motWcaSP7j5-E
NDARYJ315PWA,1MoaMzWVzcDQ5xiCGtOSptcQDITh8oGat
NDARYJ382ZE3,1L6w64LTnocgRQvdGEXOQGBArWm4X3D--
NDARYJ413BLN,1Eidzg1VLhZ8ocN3KlwgQ24hVUggeLfDR
NDARYK236YUD,1S_7SA2n3cM8CsCG0b-C6FYon-xhg3Pbt
NDARYL835DRL,1VXNxzVcK4RD05wippgQJ-aqsMr-Lj6mH
NDARYL835ZVX,12Hn2Atqnj4_SWnpKKmlhW99WXmi_fxLF
NDARYM419LL5,1Rz3Xws9pdHzFWrjJA4O7YQ4efqiS3YRF
NDARYN333FPE,1K8tBcG3coA2CrY0t9i6QhzJRmFSbI8sd
NDARYT509KUF,1sXZ51fOmtloJJOdbM2Dy-5yvXFjPwhMK
NDARYZ761TA3,1x-iTiHgrq6r6wcyVk11jeQ58mhVdFh0b
NDARZA115BW6,1gIABTzRy2q0r3mUXJU6bpou6BX1aEEyM
NDARZA863HD3,1N0BAjbEA7n_VArnqTWXkFUBB9avs5rsa
NDARZA879DJG,1A9KsRJ4JXa7y8MjoCA019c89M-X6IYPe
NDARZC423JYT,1dFL2Mz65Fzc0lblSTugbfMABFUd8dA8N
NDARZE459MJL,1zr3jEa6tTF_ewOL-SAzCI-mUUqmUGoWJ
NDARZF874HJX,1fBf7Qbgsb1grOMWnJ8SOgkjDAdbupu0S
NDARZG044CJ5,1qP0lzN9OwPla0SLFQbe4WgLwz_E6zrqn
NDARZG265XMR,1Z7M-XX1R8YvjyPg3q5U7082EuzKmfgFy
NDARZL239PGW,1JUWpYG-xj86g5uMoToURorE6JpNdlYPG
NDARZR075BR2,1K6gQrqvCNf59UqFCHdGIMwz1emq7GDGh
NDARZR424VU2,1tcyXE-KEQC7b1wwWWd-oN0rc6ULnpFDt
NDARZR463DUN,1l1BfUDp5E-JcG5tsXRgPkJ7VCe6t9W6v
NDARZR700EG6,1M6O3aX2UI-rNHfzJb5HUs3q3UtKELKTi
NDARZT876LP6,1-tVp8UnmcBPeIGpJwwN_I1-2gFj0CbiM
NDARZV406UFK,1wwI6fPh5Jj5D56f86CJLLpEFKEoByYbh
NDARZW623WYG,14j0qLYMLEY-_lMXQGmaM8KFur9J3j97R
NDARZW637PCF,1SXnmVOJtsRZV-qI74-qlWgEDxyarY_4L
NDARZY045WUZ,1tWpXaOL17kBMyRWKRRYI7-SsHMkT38h_
NDARZY959NH2,1wjpz5MYO3O2D2LWNyCnThuUPVLZ_lLue
